name,iteration,exec_time_1_us,exec_time_2_us
B0,1,12610.006999999923,11826.867999999991
B0,2,12096.01299999985,11955.356000000083
B0,3,12527.316999999985,12240.45599999979
B0,4,12165.8809999996,11701.114999999263
B0,5,12005.520999999851,12002.097999999962
B0,6,12402.306000000252,12044.697000000326
B0,8,11835.0429999996,12148.594999999315
B0,9,12291.56300000156,12198.643000001395
B0,10,11906.577000001304,11656.0219999986
B0,11,12021.927999999349,12156.113999999718
B0,12,12436.186000000404,12150.057999999575
B0,13,12394.545000001144,12562.133999999503
B0,14,12436.043999999314,12043.245999999286
B0,15,12317.89500000069,11750.020999999222
B0,16,12341.843999999825,12195.080999999776
B0,17,12492.99800000081,12024.60600000066
B0,18,12806.771000001048,12150.290999999312
B0,19,12033.733999999184,12171.766999999889
B0,20,13659.941000000232,11798.26100000092
B0,21,12494.35600000126,12321.162999999302
B0,23,12120.53399999924,11827.832000001592
B0,24,12155.262000000275,11584.042999999156
B0,25,12536.16099999988,12225.78299999988
B0,26,12162.122999999525,12138.033000001158
B0,27,12246.128000001025,11985.664999999202
B0,28,12296.006999999776,11272.649000000356
B0,30,12035.098000000133,11997.111999999532
B0,31,12623.684000001134,12028.59900000064
B0,32,12552.699999998753,11880.936999999036
B0,33,12387.51600000043,12176.714000000644
B0,35,12438.553000000851,11964.64200000058
B0,36,12112.567999999155,11996.330000000557
B0,37,12546.816000000405,11988.582000000748
B0,38,12420.146000000188,12320.67600000164
B0,39,12511.786999997554,12069.542999999072
B0,40,12082.363999997626,12012.89600000166
B0,41,12547.851000000775,12157.630000000809
B0,42,12458.218999999104,11834.45000000205
B0,43,12577.958000001388,12451.60500000253
B0,44,12733.99399999775,12031.328000002615
B0,45,12352.361999997896,11763.198999997116
B0,46,12387.670999999043,11834.733000000597
B0,47,12290.967999998516,11833.85699999917
B0,48,11944.592000002527,12071.9170000001
B0,49,11870.50000000056,11974.65400000297
B0,50,12405.071999999962,11748.959999998477
B0,51,12327.2130000025,11885.383999999278
B0,52,12212.098000002668,12103.675999998844
B0,53,12270.249000000178,11979.696999997455
B0,54,12079.725999999624,11865.148999998351
B0,55,12436.669999999594,11986.493999998514
B0,56,12468.27299999964,11889.671000002269
B0,57,12402.026000000176,11953.590000000955
B0,58,12267.242000000067,12161.98999999918
B0,59,12454.03799999778,11968.120000002358
B0,60,12571.189999999177,12230.347000002695
B0,61,12903.7469999993,12107.823000000906
B0,62,11880.8279999989,11896.68399999988
B0,63,12157.20500000117,12395.884000000024
B0,64,12162.145999997876,12060.627000000324
B0,65,12649.309000000389,11339.332999998674
B0,66,12221.203999999376,11880.419000000586
B0,67,12034.111999998488,11994.438000002105
B0,68,12244.040000002344,12245.710999998491
B0,69,12231.011000000792,12305.360999999237
B0,70,12284.194999999443,12096.566000000308
B0,71,12463.420999999642,11853.698999999551
B0,72,12408.116999999664,11898.490000000094
B0,73,12446.270999998176,12099.37999999866
B0,74,12024.416000002702,11667.47899999976
B0,75,11971.112999997757,12037.462000002108
B0,76,12468.226000002858,12136.2050000009
B0,77,12041.50899999945,11924.563999997416
B0,78,12161.974999997938,11631.01599999905
B0,79,12591.2169999971,11969.102999998428
B0,80,12035.563000001304,11887.168000001224
B0,81,12290.089000000393,12121.634999999742
B0,82,12299.148000000316,11858.189999998103
B0,83,12463.877000001845,12137.02799999794
B0,84,12379.740000000083,11791.5470000014
B0,85,11854.65899999727,11967.19900000076
B0,86,12159.578999998645,11844.27000000099
B0,87,12237.978000001704,12069.44199999782
B0,88,12095.302000002306,11824.285999999518
B0,89,12352.44199999741,11966.577999999115
B0,90,11689.324000002443,11694.584000000674
B0,91,12405.175000001378,12398.68700000102
B0,92,12538.512000002554,12069.475000000552
B0,93,12588.337000000394,12525.65300000086
B0,94,12073.468000000532,11942.249000000516
B0,95,12105.750999999998,12457.713999999953
B0,96,12592.228999999124,11936.047999999031
B0,97,12247.932999997602,12046.283999996633
B0,98,12454.856000001511,11842.628000000132
B0,99,12763.037999999227,11862.258000000737
B1,2,2260.439000000003,2247.1780000000163
B1,3,2364.6840000000057,2270.421999999994
B1,4,2232.764000000054,2247.751999999992
B1,5,2178.459999999993,2245.681
B1,6,2219.481000000023,2233.217999999981
B1,7,2267.0990000001057,2261.7809999999627
B1,8,2175.8280000000464,2250.69
B1,9,2232.287,2295.6179999999995
B1,10,2234.5850000000664,2229.318000000036
B1,11,2200.9849999999888,2363.7869999999507
B1,12,2145.489999999972,2213.886999999914
B1,13,2401.569999999964,2190.1659999998824
B1,14,2237.9280000000003,2223.730999999951
B1,15,2200.603999999995,2263.931000000108
B1,16,2243.1499999999714,2271.829000000114
B1,17,2300.7489999999907,2269.1670000001272
B1,18,2247.9630000000748,2268.989999999915
B1,19,2244.64000000002,2069.1420000000794
B1,20,2205.5620000001054,2157.576999999966
B1,21,2287.543999999864,2248.4780000000537
B1,22,2152.023999999919,2257.2169999999223
B1,23,2196.753000000218,2219.7809999999763
B1,24,2162.576999999999,2250.6870000000845
B1,25,2261.390000000141,2305.533999999998
B1,26,2148.9059999999504,2212.1240000001485
B1,27,2224.816999999657,2233.084000000218
B1,28,2247.083999999955,2300.470000000221
B1,29,2254.054999999866,2379.778999999971
B1,30,2197.08499999971,2266.611000000029
B1,31,2474.8310000002325,2229.6619999999657
B1,32,2297.6850000002714,2164.522999999808
B1,33,2152.7140000001664,2218.8619999998773
B1,34,2210.5919999999555,2288.712999999998
B1,35,2452.438000000168,2340.079000000106
B1,36,2184.7550000000383,2087.00499999992
B1,37,2167.800000000053,2107.898000000219
B1,38,2214.8929999996626,2212.9460000002155
B1,39,2267.6669999999176,2437.306000000028
B1,40,2336.5399999999427,2396.424000000064
B1,41,2358.037999999673,2339.511000000183
B1,42,2065.3429999999416,2066.8919999997647
B1,43,2270.372000000797,2096.577999999738
B1,44,2288.115999999896,2287.375999999952
B1,45,2245.3599999998632,2301.763000000178
B1,46,2354.999999999663,2283.0039999997
B1,47,2427.293000000219,2359.2190000005785
B1,48,2423.212000000063,2239.5230000000765
B1,49,2312.642999999781,2266.9799999999186
B1,50,2294.109000000155,2314.9729999998312
B1,51,2472.39799999921,2401.0170000003936
B1,52,2228.202999999596,2262.681000000377
B1,53,2428.306999999741,2428.1090000002337
B1,54,2407.604000000063,2269.97999999945
B1,55,2314.3539999992413,2250.68900000025
B1,56,2404.670000000664,2204.254000000461
B1,57,2232.267000000121,2553.241000000206
B1,58,2151.468000000101,2099.891000000298
B1,59,2278.4489999994053,2303.297000000093
B1,60,2285.171000000474,2184.3849999996223
B1,61,2269.779999999777,2160.500000000454
B1,62,2230.595000000335,2230.117999999948
B1,63,2338.9690000001906,2455.90100000026
B1,64,2517.544999999899,2342.1910000003263
B1,65,2251.659000000572,2062.2970000001574
B1,66,2174.838000000179,2311.946999999925
B1,67,2366.9979999993984,2336.149999999648
B1,68,2173.7659999994107,2331.826999999897
B1,69,2607.8610000004333,2442.091999999896
B1,70,2569.755999999757,2411.0520000002466
B1,71,2463.910000000347,2431.346999999917
B1,73,2376.4030000004154,2327.2990000000605
B1,74,2275.129999999237,2160.177000000374
B1,75,2331.233000000488,2368.9600000000864
B1,76,2110.6830000006125,2081.642000000272
B1,77,2118.661999999993,2091.016999999695
B1,78,2023.3110000003053,2026.6969999998
B1,79,1982.0109999999504,2027.37399999986
B1,80,1977.1629999993932,2004.6389999999192
B1,81,2067.083000000025,2049.8220000000347
B1,82,1987.454,2066.3000000000766
B1,83,1933.9050000004577,2094.2169999997877
B1,85,2348.7820000003267,2244.2109999998293
B1,86,2326.430000000101,2382.137999999756
B1,87,2205.0840000016337,2426.2570000015417
B1,88,2229.409999999987,2330.892999999889
B1,89,2427.5559999988877,2307.4859999994146
B1,90,2370.550000000193,2387.534999998664
B1,91,2350.079999999366,2155.9950000007434
B1,92,2388.182999998989,2226.983999999988
B1,93,2321.453000000417,2197.254999998677
B1,94,2335.2990000002906,2242.643000000655
B1,95,2204.8439999995394,2399.630000001096
B1,96,2371.4639999994347,2179.891000000822
B1,97,2225.3859999992187,2541.431999999233
B1,98,2460.8950000004625,2409.4229999995778
B1,99,2196.410999999898,2076.8649999993727
B2,1,2583.282999999992,2304.585999999997
B2,2,2392.015999999997,2484.282000000004
B2,3,2324.623000000025,2498.972000000044
B2,4,2277.0420000000067,2234.7289999999907
B2,5,2383.1000000000267,2416.407999999981
B2,6,2445.435000000052,2456.716000000081
B2,7,2342.145999999934,2494.084999999924
B2,8,2234.866000000002,2385.061999999993
B2,9,2302.521999999918,2436.5630000000583
B2,10,2225.432000000027,2310.052000000007
B2,11,2276.1690000001613,2396.983999999991
B2,12,2350.2349999999783,2334.027000000072
B2,13,2455.2719999999526,2276.447999999931
B2,14,2301.52100000014,2421.37500000017
B2,15,2313.8819999999337,2419.7960000000853
B2,16,2343.3059999999896,2470.4939999999897
B2,17,2544.690999999988,2398.82300000005
B2,18,2290.7670000000826,2563.584999999868
B2,19,2330.858999999963,2424.765999999856
B2,20,2189.58800000002,2311.010999999974
B2,21,2430.1739999998963,2296.322999999933
B2,22,2350.1919999997517,2445.757999999909
B2,23,2371.9859999999926,2354.1639999997697
B2,24,2238.9289999997786,2389.812000000102
B2,25,2409.419000000135,2275.5129999998403
B2,26,2310.209000000008,2409.790000000189
B2,27,2371.2119999999004,2379.9460000000217
B2,28,2249.240000000263,2442.065999999965
B2,29,2360.900000000221,2408.8829999997506
B2,30,2264.104999999628,2461.244000000029
B2,31,2308.213000000059,2482.037000000048
B2,33,2280.971999999881,2338.010999999973
B2,34,2299.0270000002865,2436.005999999935
B2,35,2338.4989999999384,2479.316000000065
B2,36,2292.0140000000088,2439.4829999998537
B2,37,2352.042000000054,2309.631999999784
B2,38,2180.829000000273,2284.6490000003605
B2,39,2520.642999999989,2637.032000000428
B2,40,2528.0639999998302,2542.032999999666
B2,41,2439.53000000019,2437.701000000292
B2,42,2533.155000000065,2426.0830000000237
B2,43,2314.4190000001786,2405.6730000001635
B2,44,2355.813000000317,2585.792999999725
B2,45,2486.2990000000805,2595.4550000006902
B2,46,2525.7959999995805,2450.6239999997347
B2,47,2338.379000000224,2382.804000000682
B2,48,2343.439000000558,2371.821999999746
B2,49,2240.6360000006844,2352.6829999998
B2,50,2327.5199999996944,2344.302999999215
B2,51,2440.0540000000246,2331.296000000372
B2,52,2226.224000000165,2411.7329999997496
B2,53,2324.089000000029,2467.199999999892
B2,55,2370.8970000004824,2385.7020000006555
B2,56,2527.505000000652,2491.1540000003283
B2,57,2312.410999999237,2456.2530000000747
B2,58,2225.853000000555,2495.4580000002834
B2,59,2434.6150000003063,2425.5939999999755
B2,60,2442.61600000062,2541.984999999692
B2,61,2144.8770000001005,2255.379999999363
B2,62,2437.3229999996584,2427.3610000005165
B2,63,2314.9520000007583,2589.9860000002664
B2,64,2321.259000000353,2379.880000000334
B2,65,2230.9370000002104,2331.0490000003624
B2,66,2530.7919999999485,2410.059999999881
B2,67,2413.1560000002496,2507.1080000005354
B2,69,2539.2909999997214,2532.523000000175
B2,70,2525.041000000172,2427.0120000000616
B2,71,2487.7769999998022,2422.924000000215
B2,72,2390.720999999374,2498.8349999999214
B2,73,2159.353000000586,2328.16500000066
B2,74,2447.3570000003165,2457.467000000157
B2,75,2286.2009999995435,2437.065000000516
B2,76,2263.7070000000035,2317.3029999998816
B2,77,2214.36999999991,2391.353999999346
B2,78,2232.1480000000447,2282.80500000011
B2,79,2287.351000000548,2314.3499999997985
B2,80,2372.3310000001165,2397.188000000661
B2,81,2237.714999999696,2457.1369999994986
B2,82,2090.193999999989,2392.0589999999465
B2,83,2426.6730000004345,2403.927000000472
B2,84,2159.9289999993944,2246.2699999996616
B2,85,2454.0809999997746,2397.1220000005287
B2,86,2429.801999999981,2478.4509999999927
B2,87,2551.9569999996606,2544.585999999072
B2,88,2419.594000000913,2472.6969999999683
B2,89,2442.596999999935,2499.7290000001726
B2,90,2276.5880000008565,2443.9069999999674
B2,91,2332.771000000733,2574.881000001028
B2,92,2356.1269999987644,2542.632999999128
B2,93,2539.39699999961,2449.1310000005483
B2,94,2385.053000001136,2587.481000000835
B2,95,2244.900999999189,2393.4050000011807
B2,96,2156.93500000036,2434.9479999994373
B2,97,2397.824999999188,2458.281999999201
B2,98,2262.819000000249,2426.3629999996538
B2,99,2380.190000000226,2536.0909999996293
B3,1,2665.0209999999897,2921.383
B3,2,2691.245999999925,2836.7609999999654
B3,3,2640.3049999998984,2856.3880000000986
B3,4,2745.5010000001503,2816.2830000000304
B3,5,2688.452000000119,2946.992000000037
B3,6,2775.540000000021,2593.2600000000416
B3,7,2524.5179999999755,2676.563999999937
B3,8,2656.535000000071,2764.1349999998342
B3,9,2603.5879999999347,2876.027000000114
B3,10,2598.435999999982,2891.777000000095
B3,11,2628.559000000141,2797.359999999971
B3,12,2266.996999999993,2825.4269999998805
B3,14,2680.4649999996323,2847.3810000000376
B3,15,2603.9609999997106,2781.313999999924
B3,17,2634.506999999786,2835.3740000000016
B3,18,2585.9380000001765,2815.9819999999945
B3,19,2651.140999999857,2948.8039999998605
B3,20,2643.944999999981,2802.10599999986
B3,23,2607.89100000025,2797.473000000217
B3,24,2533.161000000117,2840.2280000001665
B3,25,2558.888999999898,2882.005000000021
B3,26,2563.854000000365,2561.887000000152
B3,27,2667.474999999975,2790.099000000268
B3,28,2586.7530000001084,2768.0509999998826
B3,29,2641.120999999913,2791.1620000002918
B3,30,2514.550000000337,2963.352000000086
B3,31,2492.1430000000023,3048.052999999662
B3,32,2624.432000000176,2771.509000000005
B3,33,2549.026999999704,3048.784000000193
B3,34,2517.7490000003468,2995.98000000012
B3,35,2529.0170000000776,2941.268999999913
B3,36,2624.706999999837,2931.525999999796
B3,37,2558.7019999999684,2886.7910000003326
B3,38,2635.560999999953,2788.2880000000832
B3,39,2532.876999999711,2781.796999999919
B3,40,2561.9810000003795,2774.078999999929
B3,41,2456.5510000003064,2717.39999999987
B3,42,2616.2089999992586,2883.434000000129
B3,43,2563.395000000135,2767.405000000167
B3,44,2511.8710000002766,2783.9789999992704
B3,45,2612.302000000177,2619.81099999975
B3,46,2595.7580000000034,2706.7390000006244
B3,47,2515.3360000000903,2697.754999999802
B3,48,2544.1900000000574,2711.3899999999803
B3,49,2568.810999999727,2637.9849999997878
B3,50,2529.3160000003923,2891.9539999998638
B3,51,2462.721000000556,2732.1449999995198
B3,52,2653.6610000000846,2653.5100000000257
B3,53,2487.0129999996493,2727.4469999998278
B3,54,2583.475000000668,2678.719999999579
B3,55,2582.477000000694,2679.153000000767
B3,56,2450.0390000001817,2784.461000000071
B3,57,2490.7570000003434,2698.4939999996627
B3,58,2210.333999999925,2426.80200000045
B3,59,2226.451000000296,2493.4529999995902
B3,60,2500.0690000007708,2581.477999999748
B3,61,2575.7879999996903,2773.2949999998978
B3,62,2574.377000000183,2798.4729999994684
B3,63,2642.899000000476,2714.7840000001365
B3,64,2678.31200000046,2745.582000000191
B3,65,2711.706999999564,2720.101000000419
B3,66,2500.0379999999823,2694.7449999994437
B3,67,2555.662999999875,2764.7009999993697
B3,68,2547.364999999857,2692.084999999622
B3,69,2520.3710000001324,2760.2260000003653
B3,70,2478.6329999999525,2893.1700000001115
B3,71,2593.1290000000827,2876.1090000006816
B3,72,2587.525000000035,2655.261000000131
B3,73,2524.671999999839,2845.925000000804
B3,74,2571.6280000001034,2912.868000000124
B3,75,2490.847999999879,2688.1100000002434
B3,76,2503.654999999938,2665.775000000536
B3,77,2514.0569999999584,2658.954000000157
B3,78,2453.2830000003614,2735.3279999999813
B3,79,2539.317999999291,2728.829000000488
B3,80,2517.8919999993,2732.0109999999786
B3,81,2553.4770000001927,2648.3979999998296
B3,82,2499.127000000101,2667.100000000033
B3,83,2491.0120000001257,2632.7239999996978
B3,84,2718.085000000592,2700.8589999999444
B3,85,2638.6480000004653,2722.3249999996924
B3,86,2510.3569999993524,2840.409000000044
B3,87,2524.9659999992955,2723.0949999994536
B3,88,2456.3009999996057,2641.1980000000667
B3,89,2576.7859999996645,2738.569999999996
B3,90,2556.31399999956,2593.4439999995006
B3,91,2525.155999999917,2882.271999999908
B3,92,2643.8300000002355,2746.647999999574
B3,93,2497.707999999932,2671.040000000069
B3,94,2463.277999999569,2675.388000000112
B3,95,2630.888000000553,2919.357999999761
B3,96,2560.858999999916,2654.257999999743
B3,97,2503.3159999994227,2710.9730000001164
B3,98,2484.54300000045,2723.0990000006727
B3,99,2561.133000000382,2941.882000000007
B4,1,4144.825000000019,3884.816999999985
B4,2,3993.238999999982,3793.0000000000464
B4,3,4020.8419999999687,3880.247999999975
B4,4,4015.2879999999504,3772.853000000076
B4,5,3944.9030000000553,3844.539000000036
B4,6,3921.218000000004,3790.5620000000526
B4,7,3968.5280000000266,3846.5919999999264
B4,8,3885.460999999979,3767.86699999998
B4,9,3936.638999999964,3876.4510000000023
B4,10,3892.726999999985,3875.575999999992
B4,11,3942.759000000073,3817.4669999999633
B4,12,3968.901999999997,3763.173999999925
B4,13,3461.8510000001825,3538.9210000000835
B4,14,4015.5249999997977,3876.98000000003
B4,15,3989.295000000004,3875.38300000001
B4,16,4058.0130000000822,3901.053999999959
B4,17,4289.822000000054,3930.174000000175
B4,18,3971.530999999917,3853.42799999977
B4,19,3935.505999999922,3782.812999999941
B4,20,3870.184000000165,3748.969000000102
B4,21,3960.537999999847,3874.8630000000617
B4,22,3444.0369999999552,3451.976999999662
B4,23,3983.4029999998857,3763.170000000038
B4,24,3883.561000000313,3740.17300000018
B4,25,3849.451999999864,3827.118999999879
B4,26,3861.220000000109,3731.3560000002967
B4,27,4033.913000000222,3751.4389999997456
B4,28,4043.5389999999848,3825.371000000022
B4,29,3926.2149999999,3751.392999999936
B4,30,4049.9650000001,3757.9769999998016
B4,31,4189.326000000105,4072.679000000079
B4,32,4092.201000000184,3804.0609999998583
B4,33,3843.117000000173,3726.31400000012
B4,34,3848.024000000283,3866.756999999943
B4,35,4490.683000000217,4012.6950000001216
B4,36,4484.416999999574,4290.231999999783
B4,37,4084.9810000000975,3966.802999999963
B4,38,4176.225000000144,4273.22799999974
B4,39,3903.983999999916,4186.025000000093
B4,40,4090.340000000303,4119.334000000307
B4,42,4276.897000000446,3994.3090000003062
B4,43,4236.14299999997,4405.4409999994
B4,44,4656.831999999334,4126.809999999814
B4,45,3329.189999999649,3437.2820000001525
B4,46,4398.378999999508,3932.072999999648
B4,47,4514.9259999996975,4386.644000000217
B4,48,4151.1849999995575,3913.736999999529
B4,49,4361.366999999561,4205.467999999435
B4,50,4124.501000000613,4166.904999999943
B4,51,4304.542999999939,3978.7679999996326
B4,52,4358.258999999976,3875.204999999937
B4,53,4347.495999999395,4124.539000000204
B4,54,4217.759999999516,3857.875999999649
B4,55,4558.57199999965,4442.495000000157
B4,56,4018.0020000004647,3852.387000000235
B4,57,4552.571999999699,4018.051999999273
B4,58,4040.845999999654,3854.400999999896
B4,59,4294.1249999994825,4519.782000000027
B4,60,4601.74999999996,3829.032999999704
B4,61,3855.0199999995984,4182.802999999957
B4,62,4426.747000000119,4116.360999999458
B4,63,4198.611999999713,4058.397999999741
B4,64,4068.141999999497,3922.855999999975
B4,65,4177.10299999996,4046.282999999207
B4,66,4079.942999999808,4311.147000000126
B4,67,4061.915999999499,4044.5980000001214
B4,68,4173.420999999955,4326.5090000002
B4,69,4309.361000000677,4206.760999999837
B4,70,4131.933000000032,4283.889999999957
B4,71,3964.5660000005023,3915.389999999519
B4,73,4156.304999999527,4427.231000000198
B4,74,4500.36699999945,3870.903000000148
B4,75,4398.947000000319,3844.766000000277
B4,76,3610.7009999994943,3439.6560000002905
B4,77,4460.214999999934,3976.301999999876
B4,78,4152.182000000337,3986.69500000004
B4,79,4357.08200000029,4308.573000000315
B4,80,3947.310000000037,3951.239000000051
B4,81,3966.02499999954,3996.6360000001087
B4,82,4166.63599999989,3964.4219999992456
B4,83,4066.933999999911,3940.236000000041
B4,84,3967.2619999997496,3687.0850000001456
B4,85,4375.891000000464,3970.330999999661
B4,86,4321.647999999456,3961.1900000000583
B4,87,4048.2559999999166,4296.927999999589
B4,88,4424.514000000101,3766.107000000574
B4,89,4031.155999999925,4154.896999999381
B4,90,4219.478000000443,4048.949999999607
B4,92,3294.288999999395,3440.3270000007424
B4,93,4492.196999999365,4126.595999999871
B4,94,4299.956999998855,4137.755000000354
B4,95,4114.313999998842,3886.0560000006926
B4,96,3894.8199999992994,3697.9869999989032
B4,97,3743.7160000006734,3667.099999999479
B4,98,3838.0270000004657,3682.021999999563
B4,99,3792.7059999987023,3676.760999999474
B5,1,2233.349000000051,1886.905999999966
B5,3,1941.501999999984,1872.105000000124
B5,4,1964.9600000000155,1766.8640000001456
B5,5,1852.084000000032,1835.534999999888
B5,6,1961.896999999935,1802.8059999999343
B5,7,2124.805000000008,1755.829000000153
B5,8,1981.9150000000009,1844.495000000279
B5,9,1865.0979999996764,1852.8450000001585
B5,10,1851.8899999997448,1733.2910000003033
B5,11,1833.320000000249,1880.249000000056
B5,12,1883.6430000002124,1779.390999999908
B5,13,1855.1690000001563,1800.621000000113
B5,14,1906.049000000021,1720.2610000000006
B5,15,1882.7739999998091,1997.242000000288
B5,16,1993.8769999998665,2017.1669999999865
B5,17,1908.438000000068,1879.4099999999148
B5,18,2077.4669999998887,1887.5959999999916
B5,19,1870.057000000092,1651.1200000000058
B5,20,1937.3140000000787,2022.5389999999345
B5,21,1918.5319999999172,1794.8200000001968
B5,22,1932.6209999999123,1729.7069999999692
B5,23,1814.036999999935,1773.0689999999604
B5,24,1952.6879999998137,1639.9320000002326
B5,25,1936.702000000068,1879.705999999537
B5,27,1858.461000000311,1669.1330000000448
B5,28,1856.443999999513,1725.117999999526
B5,29,1853.730999999748,1771.6139999999214
B5,30,1777.3649999996976,1742.8410000004392
B5,31,1771.752999999876,1678.7229999994934
B5,32,1995.1260000006243,1807.8389999995893
B5,33,1826.3369999997888,1810.641999999696
B5,35,2064.9449999998737,1823.3590000003016
B5,36,1750.4449999998783,1668.8409999998655
B5,37,1831.659000000485,1767.6839999998251
B5,38,1783.5370000005569,1665.827000000064
B5,39,1733.6270000001264,1699.8879999992057
B5,40,1764.4869999999812,1663.8669999995411
B5,41,1806.7960000003325,1767.819000000337
B5,42,1766.5710000001056,1639.0920000004528
B5,43,2083.053999999862,1997.0000000002483
B5,44,1778.1829999998777,1821.6589999999755
B5,45,1980.618000000156,1608.550000000264
B5,46,1869.736999999816,1852.903999999711
B5,47,1978.7769999997092,1661.295999999979
B5,48,1850.9609999997067,1960.9530000002096
B5,49,1996.5770000007765,1734.2559999997677
B5,50,2010.3389999999167,1808.720000000541
B5,51,1835.2489999999832,1776.331999999492
B5,52,1942.9840000002584,1595.6899999993725
B5,53,2097.2539999997152,1786.5750000005676
B5,54,1951.590000000003,1841.624999999958
B5,55,1994.4629999999463,1910.9940000001657
B5,56,2043.9119999995369,1664.8009999995495
B5,57,1886.7860000000287,1694.512000000259
B5,58,1856.473000000136,1679.1720000002283
B5,59,1957.5529999995567,1696.173000000023
B5,60,2163.198999999949,1983.8380000001264
B5,61,1941.695999999382,1724.6659999994308
B5,62,1840.6630000002976,1679.7679999998038
B5,63,1958.8309999996056,2048.9709999997885
B5,64,1915.3410000001256,1772.5190000001944
B5,65,1811.76699999952,1617.3759999995596
B5,66,2182.4310000004843,1820.9989999995455
B5,67,1928.290000000388,1793.9049999995405
B5,68,2198.3409999997148,1681.6259999998806
B5,69,2005.8289999997924,1848.3790000001225
B5,70,1877.9660000003416,1578.9699999997354
B5,71,2037.3049999999891,1605.0080000002963
B5,72,1806.153999999616,1957.243999999747
B5,73,1701.672000000265,1610.0140000006036
B5,74,1791.9040000000664,1788.7979999997583
B5,75,1782.9220000002977,1644.246000000571
B5,76,2005.1240000000803,1882.9919999996391
B5,77,1955.7719999996336,1642.484999999638
B5,78,2092.0899999996577,1635.2739999998537
B5,79,1938.4429999993456,1685.0380000006382
B5,80,1955.3980000006632,1582.0900000003137
B5,81,2099.4690000009086,1935.164000000711
B5,82,1884.9200000001788,1860.783000001476
B5,83,1955.7040000002248,1896.278000000251
B5,84,1827.7439999998533,1549.692999999408
B5,85,2171.294000000046,1780.5690000010088
B5,86,1962.5580000006692,1896.9790000014088
B5,87,1962.6160000001391,1709.881999998331
B5,88,1745.1020000009976,1617.6659999995736
B5,89,1843.124000000529,1637.3050000009216
B5,90,1840.16099999873,1889.381999999884
B5,91,1716.1290000000663,1688.913999998931
B5,92,1915.9959999992536,1795.5660000001926
B5,93,2062.978999999743,1891.5919999997757
B5,94,1986.663999998584,1619.3750000006446
B5,95,1860.9379999983132,1707.52099999838
B5,96,1863.2359999983803,2017.5049999995308
B5,97,1939.1500000001115,1729.8579999991402
B5,98,1909.7529999996252,1591.4509999994664
B5,99,1911.026000000149,1693.412999999921
B6,2,6712.006000000326,6820.121000000067
B6,3,6551.7149999996245,6625.18599999995
B6,5,6430.879999999916,6533.842999999706
B6,6,6808.45400000063,6762.988000000192
B6,7,6894.931000000604,6810.059999999396
B6,9,6584.727999999985,6999.567000000262
B6,11,6739.294000000839,6940.335999999547
B6,12,6614.885999999487,6954.5790000002935
B6,13,6743.905000000439,6644.345999999857
B6,14,6657.905000000852,6715.30099999984
B6,15,6486.904000000848,6743.4889999997695
B6,16,6543.701000000013,6735.358000000247
B6,17,6553.068999998857,6570.415999998858
B6,18,6451.746999999841,6766.036000000142
B6,19,6467.871999999986,6746.080999999293
B6,20,6413.091000000648,6758.486999999036
B6,21,6617.848000001203,6897.920000000113
B6,22,6576.79600000094,6557.246999999933
B6,23,6488.016999998791,6638.573000000037
B6,24,6700.702000001613,6633.785000000004
B6,25,6638.602000000659,6775.670999999761
B6,26,6402.55499999931,6741.1889999995365
B6,27,6497.247000000428,6813.716999999997
B6,28,6375.219000000599,6717.588000000774
B6,29,6502.443000000469,6728.3140000000685
B6,30,6382.628999999085,6521.131999999597
B6,31,6594.169000001315,6697.809000000277
B6,33,7972.799000000919,6772.99400000031
B6,34,6354.497000000237,6801.178999999991
B6,35,6620.74000000068,6776.625000000536
B6,36,6284.877000000577,6353.692000001132
B6,37,6468.722999999343,6604.492999999323
B6,39,6756.535999997482,6757.359000001628
B6,40,6361.736000002338,6510.306000002685
B6,41,6550.286999999599,6581.64199999689
B6,42,6316.549999997534,6563.6839999996255
B6,43,6549.200000002031,6595.214999997268
B6,44,6628.185000000286,6547.964999999323
B6,45,6686.742999999496,6991.645999999463
B6,46,6461.348000001976,6442.854999999526
B6,47,6585.939000000707,6580.833000001007
B6,48,6443.176999997746,6593.7699999985
B6,49,6426.820999998028,6656.45100000134
B6,50,6441.662999996823,6492.749999999604
B6,51,6779.859000001665,6556.148000001372
B6,52,6574.295000000064,6511.546999998785
B6,53,6644.201000000294,6567.109999998876
B6,54,6327.586999997692,6826.683999999972
B6,55,6581.628999999367,6630.766000000676
B6,56,6545.070000001374,6416.213999997922
B6,57,6456.621000001661,6630.192999999452
B6,58,6437.116000000742,6532.933000002572
B6,59,6433.074000000261,6628.098000000193
B6,60,6344.74199999957,6499.486999999249
B6,61,6428.571000000716,6553.814000000102
B6,62,6452.5639999999385,6806.325000002999
B6,63,6884.446000000821,6824.642000001546
B6,64,7106.3769999994975,6683.967000000735
B6,65,6515.786999997886,6471.502000000129
B6,66,6136.422000000863,6582.592999997416
B6,67,6371.360999999353,6611.545000001939
B6,68,6319.888999996692,6643.8859999991
B6,69,6373.0999999975775,6548.663000000232
B6,70,6331.14500000076,6474.752999999111
B6,71,6635.770999999124,6619.262000000958
B6,72,6333.662999999489,6485.559999998003
B6,73,6393.955000000062,6588.393999997777
B6,74,6407.660000000704,6478.515000001295
B6,75,6418.350999997102,6483.427000002706
B6,76,6432.46499999961,6550.387999997298
B6,77,6389.384999998527,6820.2600000013545
B6,78,6464.507999996982,6563.245000002382
B6,79,6398.68300000046,6540.162000000293
B6,80,6486.788000000132,6408.918000001762
B6,81,6406.38100000146,6460.107999998854
B6,82,6743.372999999054,6601.356000000891
B6,83,6996.839999999338,6520.109000000219
B6,84,6458.344000002115,6493.822999999566
B6,85,6469.220999999692,6791.001000003405
B6,86,6386.551000002072,6594.212999999627
B6,87,6470.41100000223,6807.729000001928
B6,88,6317.577000000796,6479.864999999308
B6,89,6415.685000000338,6534.070000000725
B6,90,6448.782000003206,6563.526000000764
B6,91,6412.285999999767,6597.165999998822
B6,92,6346.879000002304,6578.130999997711
B6,93,6404.538999998266,6567.62200000216
B6,94,6299.460000001034,6451.521000002458
B6,95,6340.363999999709,6595.851000000152
B6,96,6371.205999997187,6423.265000002231
B6,97,6394.547999995837,6518.7120000018695
B6,98,6317.557999999224,6463.496000002067
B6,99,6297.074000002567,6630.95499999855
B7,1,4908.617000000115,4849.035999999974
B7,2,5594.537999999982,4886.821000000152
B7,3,5184.17200000032,4790.3680000001
B7,4,4339.104000000039,4279.14400000029
B7,5,4223.727000000288,4409.202000000168
B7,6,4415.230999999853,4250.258999999978
B7,7,4314.983999999633,4515.758999999786
B7,8,4456.231999999894,4290.682000000601
B7,9,4371.499999999529,4435.796000000103
B7,10,4798.101999999638,4739.885000000221
B7,11,4947.550999999883,4848.754000000177
B7,12,5002.763000000243,4834.758000000327
B7,15,4736.056999999682,4780.817000000326
B7,16,4828.417999999779,4788.375999999595
B7,17,4718.987000000397,4612.2009999995935
B7,18,4613.201000000622,4837.474000000341
B7,19,4705.919000000058,4719.308999999505
B7,20,4705.139000000358,4700.5079999999925
B7,21,5152.630000000436,4847.033999999972
B7,22,5146.329999999643,4733.316000000265
B7,23,4938.16200000019,4817.354000000051
B7,24,4588.339999999746,4810.690999999423
B7,25,5172.791999999759,4813.226999999642
B7,26,4665.587999999942,4711.077999999702
B7,27,4710.842999999798,4764.940000001161
B7,28,4664.017999999714,4586.4169999987325
B7,29,4662.134000000151,4731.603999999834
B7,30,4837.863000000553,4689.278999999047
B7,32,4743.399000000537,4774.890000000198
B7,33,4667.362999999369,4859.756000000104
B7,34,4646.53300000073,4774.783000000227
B7,35,4634.242999999927,4739.981000000171
B7,36,4549.394999999734,4749.825999999402
B7,37,4601.909999999876,4638.504000000765
B7,38,4522.145000001032,4650.164999999262
B7,39,6180.085000000446,4687.254000000252
B7,40,4565.994000000018,4569.66099999967
B7,41,4656.475000000882,4631.352000000533
B7,43,4814.058999999204,4618.179000001277
B7,44,4606.163000000052,4710.301000001138
B7,45,4834.342000000546,4749.212000000114
B7,46,4557.944000000091,4816.2579999999625
B7,47,4624.940000001132,4780.005999998949
B7,48,4559.312999999676,4633.916000001293
B7,49,4697.804999999278,4632.331999999906
B7,50,4538.167999999842,4659.730000000195
B7,51,4696.550000000244,4819.514999999441
B7,52,4551.297999999093,4648.830000000715
B7,53,4555.950000000308,4752.887999998734
B7,54,4567.71300000014,4558.163999998755
B7,55,4615.078999998801,4727.427000000617
B7,56,4686.332999998655,4759.852000001175
B7,57,4631.036999999338,4719.657000000765
B7,59,4748.079999998822,4727.358000000237
B7,60,4671.819999998661,4788.632000000348
B7,61,4763.720999999777,5151.144000002716
B7,62,4045.659999999174,4221.120000000411
B7,63,4720.586000001248,4958.310999999327
B7,64,4830.686000001805,4875.224999999262
B7,65,4717.690999999746,4624.053999997102
B7,66,4616.694999999282,4683.95599999738
B7,67,4735.163999999514,4697.897999999867
B7,68,4595.272999999623,4720.72199999829
B7,69,4743.316000002551,4721.7890000013085
B7,70,4588.380999997809,4690.724999999674
B7,71,4630.9700000009,4600.4229999994095
B7,72,4560.620000003013,4685.182999999426
B7,73,4500.473000000227,4706.6559999997535
B7,74,4414.494000002378,4705.6249999997135
B7,75,4658.175999999514,4712.7350000018
B7,76,4519.908999998989,4654.230999999953
B7,77,4606.238000000929,4660.007999998328
B7,78,4566.589000003063,4639.956999998418
B7,79,4627.487000000485,4667.962999999276
B7,80,4556.025999999491,4613.351999999793
B7,81,4062.085000001048,4152.809000000701
B7,82,4572.963999997626,4736.434999998096
B7,83,4812.970000003247,4574.099999999248
B7,84,4525.892000000198,4757.2049999971005
B7,85,4894.451999998495,4691.761000000128
B7,86,4586.572000000899,4661.083999998538
B7,87,4722.067999999525,4627.701999996958
B7,88,4534.507000002463,4623.866999999393
B7,89,4627.642000002652,4664.212999998085
B7,90,4564.56099999869,4627.863999999704
B7,91,4631.82200000034,4657.65199999879
B7,92,4732.657999998224,4775.544000001019
B7,93,4571.953999999323,4682.611999999864
B7,94,4628.60999999748,4753.345000001019
B7,95,4678.624000000298,4707.30800000041
B7,96,4526.993999999007,4727.802000001447
B7,97,4819.346000001446,4713.565000002973
B7,98,4865.241000000964,4760.308999998131
B7,99,4716.9500000023845,4804.792999998143
B8,2,12477.45099999964,14304.847000000009
B8,3,12540.762000000428,14269.21099999845
B8,4,12616.088999999774,14255.516000000413
B8,5,13217.49999999966,14484.045999999753
B8,6,12040.274000000296,14493.231999999523
B8,7,12633.224999998303,14455.5749999995
B8,8,12780.679999998769,14655.366000003056
B8,9,13064.15599999866,14523.772000000434
B8,11,11556.920000000304,12844.174000001374
B8,12,11319.988000000336,12884.15899999862
B8,13,11959.797999999466,12974.092000000326
B8,14,11700.808000000508,12957.97599999915
B8,15,11544.784000001584,13173.769000001555
B8,16,11475.621999998964,12952.255000001856
B8,17,11735.851000000965,13061.978999999725
B8,18,11320.86300000168,12762.084000002003
B8,19,12018.974000000071,13092.265000004489
B8,20,11438.030000000765,12808.726000002936
B8,21,12563.950999997076,13752.35599999769
B8,22,11830.011999997225,13264.251999999033
B8,23,11992.687000002888,13550.031999997716
B8,24,11674.6519999964,13387.807000000865
B8,25,11747.958000000835,13637.99599999993
B8,26,11826.175000003048,13338.109999999404
B8,27,11827.904999996974,13443.001999995377
B8,28,11665.207000000066,13454.47300000302
B8,31,12699.417999996856,14321.062999997026
B8,32,12373.234999998316,13921.095000000603
B8,33,12237.125999995158,14087.004000003844
B8,34,12357.35299999874,13700.644000003593
B8,35,12451.708000000395,13947.18099999892
B8,36,12431.7279999957,13747.860999998808
B8,37,12178.102999996554,13770.735999997896
B8,38,12236.11600000396,13744.94099999879
B8,39,12546.364000002086,13850.666999999816
B8,40,11995.196000000871,13781.000999998128
B8,41,12365.439999996395,14073.42999999628
B8,42,12297.197999998843,13374.839999997334
B8,43,12346.82600000525,14016.961000002935
B8,44,12475.143999992611,13913.078999991058
B8,45,12363.402000005408,13857.889999997042
B8,46,12271.681999990848,13929.920000009588
B8,47,12605.633000006834,13888.352999998688
B8,48,12251.335000001973,13720.677999998545
B8,49,12240.660000003343,13900.42500000277
B8,50,12452.272999993853,13767.422000000806
B8,51,12416.084999998133,13967.68299998996
B8,52,12323.901999991447,13775.499999994168
B8,53,12663.071000005744,14028.813999999556
B8,54,12358.59499999492,13755.94700000704
B8,55,12504.11399999507,14006.119999990571
B8,56,12046.87999999976,14059.212000006482
B8,57,11557.430999999951,13911.331000002749
B8,58,12452.96000000451,13956.087000011052
B8,59,12591.28400000975,14119.8849999995
B8,60,12250.612999991972,13705.279000006954
B8,61,12161.857999998916,13979.633000005266
B8,62,12274.65699999186,13877.649000008318
B8,63,12764.63499999636,14085.794999999736
B8,64,12508.804999995958,14021.076000005904
B8,65,12561.367000003542,13788.181000009556
B8,66,12120.379999998931,12509.28599999668
B8,67,12606.192999996323,13892.61500000316
B8,68,12246.825999994826,13633.697000003052
B8,69,12349.4380000011,14392.02499999226
B8,70,12451.891000011983,14027.970000000778
B8,71,12546.251000003394,12868.741000005455
B8,72,12534.57400000002,13757.863999998675
B8,73,12279.524999996738,13916.58800000073
B8,74,12203.062000011756,13980.794999994829
B8,75,12135.165999993093,13937.671000007867
B8,76,12374.513999986902,12715.479999997116
B8,77,12373.349000000644,14183.834000007775
B8,78,12084.762000000635,13816.08200000528
B8,79,12216.437999995833,13983.568000000449
B8,80,12261.646000013116,13834.806999994951
B8,81,12528.177999996617,12796.49299999619
B8,82,11960.072999997352,13870.212000000492
B8,83,12241.36199999748,14170.69500000423
B8,84,12179.19500000164,14285.512000000725
B8,85,12403.570000003583,13876.40999999462
B8,86,12129.704000003016,13790.041000007135
B8,87,12211.871000005203,14036.965999991937
B8,88,12234.422000005909,14021.094999989711
B8,89,12258.712000004834,13852.85099999578
B8,90,12114.355999997882,13818.020000002209
B8,91,12321.087000003672,12989.043000004584
B8,92,12060.825000006049,13868.793000000323
B8,93,12293.204999991758,13901.043000004163
B8,94,12437.503000001016,13719.90199999118
B8,95,12291.954999994914,14157.233000020142
B8,96,12481.723000007603,13870.857999989994
B8,97,12200.924000012492,14116.080999997394
B8,98,12282.267000017557,13684.87899998172
B8,99,12443.731000018945,13921.794999987467
B9,1,2916.539999999968,3084.638000000029
B9,2,3063.174000000002,2962.4759999999915
B9,3,2846.2549999999087,3286.225999999948
B9,4,2877.3979999998646,3184.3629999999125
B9,5,2987.2730000000124,3200.024000000301
B9,6,2884.176999999877,3215.465999999889
B9,7,3068.7749999995794,3256.642000000198
B9,8,2916.4400000003534,3112.7679999998213
B9,9,3064.023999999943,3296.4899999998743
B9,10,3074.028999999978,3118.544000000334
B9,11,2898.901999999648,2960.6120000003066
B9,12,3116.4119999997906,3257.818999999884
B9,13,3080.4429999999884,3234.253999999659
B9,15,3088.792999999868,3172.86100000036
B9,16,3180.204999999603,3113.788999999478
B9,18,3012.128999999142,3173.281000000472
B9,19,2953.716000000384,3108.8590000001304
B9,20,2775.8520000000785,3121.693000000647
B9,21,2886.0800000005684,3092.1769999991966
B9,22,3022.7109999998447,3145.588000000643
B9,23,3120.8470000008147,3167.393000000018
B9,24,2799.3740000002986,3189.508999999369
B9,26,3125.8350000005207,3219.3640000004466
B9,27,3113.5359999998614,3153.0430000001884
B9,28,3050.167000000492,3116.9269999997696
B9,29,3020.820999999785,3125.087999999998
B9,30,2949.307999999817,3228.672999999738
B9,31,2830.85099999969,3195.757000000299
B9,32,2708.117000000065,3104.009000000296
B9,33,2853.549000000122,3139.1430000002883
B9,34,3125.3730000004866,3175.623999999821
B9,35,3072.5289999997685,3047.707000000344
B9,36,2779.236000000296,3134.0800000005943
B9,37,3034.057999999895,3124.356999999911
B9,38,2930.003000000348,3043.0990000001048
B9,39,2877.7489999995964,3052.6310000000835
B9,40,3008.161000000342,3108.1130000005787
B9,41,2928.778000000242,3078.2230000001578
B9,42,2893.433000000556,3093.343000000637
B9,43,3005.323000000004,3237.0829999992525
B9,44,2901.9689999998377,3097.979000000528
B9,45,2883.10399999947,3217.407000000172
B9,46,2928.035000000051,3075.942000000609
B9,47,2890.0680000001344,2988.2500000004698
B9,48,2862.182000000324,3071.0890000005265
B9,49,2878.4259999996566,3024.0319999998987
B9,50,2815.7619999999997,3129.8799999994744
B9,51,2743.5200000001105,3022.7339999999717
B9,52,2903.714999999529,3377.4419999996758
B9,53,2980.9500000004264,3047.159000000299
B9,54,2952.649000000029,3082.443000000268
B9,55,2883.675999999724,3003.6339999997
B9,56,2714.983000000615,3055.594000000106
B9,57,2830.041000000172,3034.237999999689
B9,58,2881.8829999996965,3019.759999999927
B9,59,2798.177999999929,3085.585000000002
B9,60,2730.0999999999576,3130.373000000297
B9,61,2957.4119999997706,3102.457999999864
B9,62,2912.938999999781,2988.907000000652
B9,63,2869.4780000000364,3337.807000000304
B9,64,2875.537999999622,3099.4580000003325
B9,65,2809.734000000397,3071.643000000179
B9,66,2718.851000000022,3007.000000000204
B9,67,2929.4919999998115,2992.5529999994537
B9,68,2845.897000000264,2975.756000000551
B9,69,2731.5300000001484,3021.055999999689
B9,70,2806.016000000078,3113.55300000038
B9,71,2929.6509999996447,3056.3189999996966
B9,72,2942.9630000006314,3076.0939999998627
B9,73,2764.342999999947,3059.072000000107
B9,74,3150.2950000001915,3149.2850000001126
B9,75,2777.460999999981,3108.538000000216
B9,76,3002.9080000000263,3071.9940000008
B9,77,2971.4690000002265,3092.181000000416
B9,78,2944.9299999999566,3053.9200000001542
B9,79,2726.331000000748,3129.168000000071
B9,80,2775.2689999998024,3076.9749999999262
B9,81,2945.343999999572,3037.8889999997937
B9,82,2770.6470000001814,3075.2880000006758
B9,83,3002.830000000678,3340.886000000154
B9,84,2942.442000000156,3318.018000000756
B9,85,2987.4750000002946,3303.1150000004677
B9,86,2925.697000000227,3145.246999999962
B9,87,2900.954000000233,3060.7460000000588
B9,88,2795.569000000775,3068.3590000002423
B9,89,2973.700000000079,3001.409999999538
B9,90,3041.6300000002398,3102.5839999996306
B9,91,2971.445000000017,3082.1109999994437
B9,92,2732.714999999608,3053.957999999746
B9,93,2832.519000000033,3104.693000000047
B9,94,2777.5510000003223,3042.999999999907
B9,95,2748.5580000004006,3030.485000000027
B9,96,3074.961000000265,3114.336000000329
B9,97,2892.307000000649,3076.5090000004493
B9,98,2988.414999999911,3096.204999999408
B9,99,2952.880999999685,3140.829000000345
B10,2,4157.490999999957,4196.398000000157
B10,3,4155.12699999998,4147.628999999986
B10,4,4171.782999999873,4103.074999999956
B10,5,4081.017999999936,4177.135999999804
B10,6,4187.75299999985,4194.7890000000325
B10,7,4122.286999999947,4108.310000000115
B10,8,4208.108999999904,4077.432999999964
B10,9,4048.754000000043,4194.523000000006
B10,10,4040.6020000001154,4223.832999999955
B10,11,4096.608000000002,4266.926999999976
B10,12,4093.689999999928,4161.169000000075
B10,13,4076.251000000086,4140.288000000103
B10,14,4070.373999999877,4150.665999999914
B10,15,4078.5450000000446,4167.319000000002
B10,16,4140.060999999972,4101.380000000044
B10,17,4118.285999999971,4199.755999999999
B10,18,4083.469999999867,4172.764999999856
B10,19,4080.7279999999214,4163.6220000000885
B10,20,4088.9269999997423,4118.818999999885
B10,21,4096.020999999617,4195.781999999593
B10,22,4053.840000000086,4082.579000000308
B10,23,4022.340000000124,4071.890000000078
B10,24,4181.14600000008,4065.21400000015
B10,25,4063.826999999964,4233.131999999973
B10,26,4105.830999999948,4163.879000000037
B10,27,4057.437000000164,4164.299999999787
B10,28,4067.072000000227,4081.73899999964
B10,29,4008.942999999654,4122.4739999998765
B10,30,4041.632999999933,4142.584000000226
B10,31,4064.33599999989,4152.4950000000335
B10,32,4093.198000000076,4150.480999999928
B10,33,4091.6499999998914,4285.342000000192
B10,34,4052.7959999998575,4124.304999999939
B10,35,4224.035000000014,4099.108000000129
B10,36,4013.7379999998234,4120.577000000125
B10,37,4049.026000000122,4141.2880000000205
B10,38,4023.801999999854,4163.050999999918
B10,39,4149.786999999794,4156.541999999597
B10,40,4031.099000000093,4067.1570000001534
B10,41,4006.700000000141,4109.181000000017
B10,42,3997.523999999864,4058.459999999986
B10,43,4070.412999999995,4138.890000000118
B10,44,4169.226000000137,4147.08500000005
B10,45,4106.367999999971,4123.6989999999805
B10,46,4012.08800000008,4033.143999999656
B10,47,4138.0329999998185,4089.1230000004166
B10,48,4118.774999999797,4047.0630000002393
B10,49,4082.208999999893,4184.872000000173
B10,50,4019.512000000169,4073.507999999837
B10,51,4019.448999999842,4172.730999999708
B10,52,4068.906000000094,4087.638999999754
B10,53,4020.729999999695,4075.294999999812
B10,54,4015.48300000032,4121.104999999848
B10,55,4053.095000000173,4101.302999999668
B10,56,4053.980000000124,4125.691999999681
B10,57,4128.098999999886,4074.877999999948
B10,58,3991.679000000304,4115.286000000217
B10,59,3988.042000000469,4053.542999999493
B10,60,4038.3449999996656,4131.136999999896
B10,61,4073.8529999995167,4054.103999999725
B10,62,4046.092000000279,4140.297999999376
B10,63,4022.153000000195,4166.502999999544
B10,64,4204.042000000463,4189.865999999931
B10,65,4080.027999999736,4219.945000000002
B10,66,4136.789999999557,4041.9819999995
B10,67,4226.031000000851,4445.38600000044
B10,68,4389.871999999961,4243.91899999943
B10,69,4138.277000000024,4210.33599999987
B10,70,4086.6649999999895,4109.267000000472
B10,71,4408.4319999999625,4301.832999999533
B10,72,4449.029999999965,4218.455000000176
B10,73,4471.670000000038,4242.877000000256
B10,74,4169.942999999954,4097.211000000378
B10,75,3683.946999999854,4091.831000000212
B10,76,3685.189000000477,4088.535000000171
B10,77,3674.9069999997273,3977.633000000757
B10,78,3633.146000000309,4034.874000000244
B10,79,3687.6929999998256,4045.516999999777
B10,80,3679.900000000736,4017.9629999999024
B10,81,3576.943999999749,3890.600999999272
B10,82,3554.4800000000264,3948.4779999998655
B10,83,3471.6250000004225,3788.205000000211
B10,84,3499.3199999995286,3897.9890000003793
B10,85,3537.389999999973,3937.4639999998353
B10,86,3536.850999999785,3890.467999999814
B10,87,3506.8420000001765,3873.1629999997353
B10,88,3495.9830000005354,3907.0629999997664
B10,89,3509.548000000251,3821.460000000165
B10,90,3515.522000000715,3863.997999999924
B10,91,3392.0609999995577,3662.019000000072
B10,92,3364.121999999803,3758.949000000733
B10,93,3344.8360000001285,3746.442000000627
B10,94,3353.419999999829,3709.881999999887
B10,95,3362.316000000476,3758.786000000569
B10,96,3363.742000000336,3722.2809999999386
B10,97,3333.1300000005726,3693.286999999934
B10,98,3334.6209999995936,3664.05599999986
B10,99,3333.7150000001257,3728.501000000328
B11,4,6938.535999999996,6966.217999999996
B11,5,7022.902999999997,6972.693000000002
B11,8,6927.452,6964.349000000008
B11,9,6919.881999999989,6988.928999999977
B11,10,6985.376000000043,6966.517999999977
B11,11,6947.927999999992,6995.344000000015
B11,12,6937.903999999995,6955.163000000042
B11,13,6951.311999999987,6947.914
B11,14,6948.012000000003,6955.305000000023
B11,15,6906.540000000016,7050.534999999969
B11,16,6947.986999999989,6993.682000000001
B11,17,7196.656999999996,6956.987000000026
B11,19,7004.157999999982,6990.048999999998
B11,20,6944.651999999996,6983.41600000002
B11,21,6890.600000000025,6940.476000000029
B11,22,6918.493999999997,6960.429000000046
B11,23,6949.205000000069,6949.95899999995
B11,24,6971.696000000027,6981.050000000044
B11,25,6928.559999999972,6964.714000000094
B11,26,6946.173,6916.656000000021
B11,27,6908.837999999972,6965.22300000002
B11,28,6915.0359999999855,6938.958999999967
B11,29,6904.749000000043,6957.091999999942
B11,30,6926.48100000004,6944.809000000052
B11,31,6884.796999999998,6996.051999999975
B11,32,6968.642999999996,6972.886000000011
B11,33,6943.173999999996,6968.368000000002
B11,34,6896.279999999977,6977.642000000062
B11,35,6950.741000000038,6994.940000000005
B11,36,6939.858000000077,6984.486999999984
B11,37,6941.647999999967,6946.631999999897
B11,38,6978.843999999928,6925.00000000007
B11,39,6901.60399999995,6998.827999999957
B11,40,6933.27900000007,6935.313000000054
B11,41,6917.891999999925,6960.6939999999895
B11,42,6909.917000000099,6942.757999999993
B11,43,6957.266000000018,6924.0969999999625
B11,44,6975.4909999999445,7019.576000000027
B11,45,6926.251999999966,6951.853999999979
B11,46,6908.973000000041,6920.624000000042
B11,47,6897.245999999968,6908.047000000029
B11,48,6910.055999999942,6940.563000000011
B11,49,6917.393000000049,6988.254000000027
B11,50,6957.775999999915,6954.857999999953
B11,51,6908.32600000002,6941.295000000069
B11,52,6915.509999999903,6953.466999999991
B11,53,6913.717999999958,6979.620000000075
B11,54,6942.293000000044,6969.702999999994
B11,55,6903.286000000008,6923.890000000155
B11,56,6964.345000000094,6936.076999999985
B11,57,6900.333000000147,6930.155000000049
B11,58,6939.975000000099,6937.800000000216
B11,59,6916.649999999969,6933.524999999996
B11,60,6911.799999999913,6990.060000000131
B11,61,6893.955000000007,6935.308000000085
B11,62,6909.145000000061,6886.385999999911
B11,63,6937.265000000137,7060.658999999969
B11,64,6923.527999999957,6994.981999999927
B11,65,6946.154999999843,6940.764000000099
B11,66,6909.671999999922,6969.572000000035
B11,67,6902.607999999866,6947.811000000082
B11,68,6910.799999999995,6938.847000000026
B11,69,6889.541999999915,6916.633999999977
B11,70,6946.976000000049,6940.423999999945
B11,71,6914.437999999912,6928.943000000132
B11,72,6940.585999999805,6924.428000000038
B11,73,6880.146999999947,6928.239000000058
B11,74,6885.477000000195,6927.418000000074
B11,75,6901.424999999906,6968.073999999991
B11,76,6894.366000000041,6936.962000000158
B11,77,6900.369999999878,6917.368999999952
B11,78,6906.336999999985,6962.246000000061
B11,79,6896.352999999911,6935.302999999893
B11,80,6903.462999999999,6963.938000000169
B11,81,6951.17699999992,6918.120999999999
B11,82,6901.7700000000295,6930.698999999985
B11,83,6913.796000000083,6930.387000000149
B11,84,6907.1210000000165,6915.848999999863
B11,85,6942.06399999997,6947.569000000042
B11,86,6895.439000000003,6942.766000000101
B11,87,6902.637000000045,6930.85300000007
B11,88,6884.039000000009,6916.193999999987
B11,89,6887.340000000019,6918.548999999885
B11,90,6903.528999999909,6932.093999999945
B11,91,6883.089000000009,6935.4200000000255
B11,92,6919.942999999984,6915.404999999985
B11,93,6922.232999999834,6927.247000000136
B11,94,6882.826999999869,6905.978999999896
B11,95,6889.837999999982,6959.136000000088
B11,96,6909.7610000001805,6991.535000000049
B11,97,6909.796999999829,7013.16800000007
B11,98,6876.39799999995,6987.894999999966
B11,99,6885.74799999997,7031.752000000058
B12,1,24119.15400000009,22860.07599999995
B12,2,22305.50300000012,22709.59699999997
B12,3,22579.075999999972,22066.1510000002
B12,4,23175.19300000015,22756.803000000047
B12,5,23511.6660000001,23370.50600000001
B12,6,23559.33700000001,23116.22200000052
B12,7,22555.03700000005,22298.4119999996
B12,8,22891.33199999949,22391.61600000017
B12,10,22582.671000000333,22957.59500000116
B12,11,23655.577999999623,23231.196999999425
B12,12,23146.430999998916,22938.050999998795
B12,15,23818.68800000042,23012.87599999924
B12,16,23679.86600000016,22099.868999999828
B12,17,23507.79300000028,22689.584000000097
B12,18,22952.01800000157,22719.969000000616
B12,19,23185.265999998705,23825.97200000092
B12,20,22964.6179999996,23067.542000003272
B12,21,23375.30099999796,23161.55200000125
B12,22,23014.252999999484,22287.488999999998
B12,23,22975.458000001225,22416.90399999996
B12,24,22499.71799999884,22955.70400000102
B12,25,24018.85300000117,23716.960999998093
B12,26,23082.366000000577,23419.120999999875
B12,27,23083.896000002824,22605.81100000181
B12,28,22796.08999999993,22552.872999998643
B12,29,23314.356000000203,22719.37300000104
B12,30,23395.350999997787,21978.338000000265
B12,31,22276.80900000095,23167.26300000127
B12,32,22920.35500000012,22765.97799999891
B12,33,23495.268000001342,22989.73200000276
B12,34,23015.373999999865,23479.04299999825
B12,35,23874.092999996323,22998.65199999829
B12,36,22671.56899999634,22382.407000002047
B12,37,23319.4909999952,22591.351999999177
B12,38,22991.30599999444,23261.356999995543
B12,39,23170.113000006157,23112.59000000376
B12,40,22932.527999998343,23057.885000000057
B12,41,23744.17800000117,23444.48099999852
B12,42,23299.326000000063,22377.70900000413
B12,43,23687.45199999722,22961.242000000937
B12,44,23594.94699999942,22554.800000001764
B12,45,23685.52200000096,23442.969000001314
B12,46,22824.70400000136,21717.277999997008
B12,47,23114.186000000813,23806.024999998957
B12,48,23123.435999998776,23140.773000001504
B12,49,22832.45699999981,22910.52900000068
B12,50,23000.50499999884,22248.20900000424
B12,51,23408.009000000617,22906.28699999786
B12,52,22491.399000003297,22683.438000001388
B12,53,23669.895000004715,23145.278000001214
B12,54,22816.67700000156,22683.411000002707
B12,55,23349.18399999708,23070.879999998797
B12,56,22666.649000001373,23048.8770000008
B12,57,23085.61600000303,22546.681000001456
B12,58,22343.161999998527,23498.747000004983
B12,59,23213.310000002708,22272.6010000045
B12,60,23245.6749999983,22633.921000000613
B12,61,22478.16599999908,22879.71700000213
B12,62,22800.146000001576,22662.74600000173
B12,63,22908.496999995976,22462.2289999985
B12,64,23786.080000000708,22114.86800000273
B12,65,22938.027000002137,22754.96899999752
B12,66,22766.824000001405,22642.08900000142
B12,67,23303.927999997144,23452.464000001783
B12,68,22790.87000000146,22842.556999997043
B12,69,23263.06599999839,22557.48299999993
B12,70,23294.706000001497,22634.61200000449
B12,71,22404.821999998603,23364.06899999588
B12,72,22582.482000004235,23002.73000000175
B12,73,23080.008999997404,23127.68800000242
B12,74,22592.79399999059,22175.949000001085
B12,75,23314.314999993258,23633.434999993595
B12,76,22833.98900000577,23317.05400000317
B12,77,22532.069999996907,22617.03699998918
B12,78,22984.359999995264,22514.18400000205
B12,79,22558.6480000004,23909.96900000175
B12,80,22290.377000004468,22675.887000005445
B12,81,22973.18399999426,23101.11600000653
B12,82,23226.8759999954,23138.99700000377
B12,83,23461.358000005817,22929.82099999108
B12,84,23375.11699998629,22798.25299999061
B12,85,23947.24299999496,23044.107000004034
B12,86,23156.53699999132,22889.047000006714
B12,87,22257.4529999946,23108.17900000473
B12,88,23044.12099999809,22556.910000005813
B12,89,23392.928999996344,23241.92399998992
B12,90,23239.19799999885,22560.84300000793
B12,91,23166.81500001039,22540.74400001116
B12,92,23112.33999999729,22859.52400001179
B12,93,22884.458999996583,23439.977999998973
B12,94,22897.86099998992,22351.25300001073
B12,95,23763.54599999786,23015.652999987426
B12,96,22535.97499999671,22842.318999991563
B12,97,23212.11399998901,23060.704000002374
B12,98,23242.81600000688,22792.30099999552
B12,99,22894.114999999714,23366.148000008023
B13,1,3835.67500000001,3893.773999999989
B13,2,3184.611000000004,3919.069999999969
B13,3,3699.956000000004,3427.0809999999983
B13,4,3577.81000000007,3471.116000000052
B13,5,3636.287000000071,3863.852999999917
B13,6,3634.675000000032,3802.955000000052
B13,7,3736.3510000000265,3754.223000000056
B13,8,3720.0729999999903,3760.348000000025
B13,9,3879.575000000024,3796.069999999929
B13,10,3540.762000000086,3777.688999999862
B13,11,3614.312000000064,3846.341000000031
B13,12,3579.2620000001384,3794.137000000086
B13,13,3814.9610000000057,3832.737999999836
B13,14,3594.8599999999774,3794.2810000000095
B13,15,3660.565000000116,3848.136999999863
B13,16,3566.938999999936,3849.275000000097
B13,18,3541.677999999937,3855.321999999717
B13,19,3615.0589999999206,3851.56199999992
B13,20,3605.106000000191,3793.515999999997
B13,21,3565.133999999581,3859.869000000238
B13,22,3543.244999999917,3798.489999999877
B13,23,3569.815999999726,3876.4530000001687
B13,25,3769.6760000001104,3948.68199999987
B13,26,3769.788000000052,3829.40300000012
B13,27,3617.59500000014,3886.4620000000905
B13,28,3791.815000000032,3834.137000000126
B13,29,3592.911000000143,3799.141000000006
B13,30,3476.908000000112,3803.424
B13,31,3756.4380000003616,3856.018000000016
B13,32,3795.091999999833,3802.2450000001486
B13,34,3813.748000000228,3873.945000000045
B13,35,3600.4020000000028,3862.7490000000544
B13,37,3700.008000000033,4065.588999999648
B13,38,3663.704000000045,3823.478000000158
B13,39,3694.0080000000817,3836.624999999927
B13,41,4221.17100000019,3702.512000000269
B13,42,3781.75399999936,3798.193000000616
B13,43,3667.85000000025,3764.823000000028
B13,44,3469.338999999572,3807.91899999977
B13,45,3888.653999999825,3813.528999999427
B13,46,3531.4859999999726,4069.1499999994103
B13,47,3491.644000000349,3770.531999999882
B13,48,3884.920000000847,4017.165999999683
B13,49,3774.86399999949,3795.919999999953
B14,2,4091.906999999839,4052.051999999584
B14,3,4159.067999999877,3935.234000000065
B14,6,4123.927000000193,4220.757000000574
B14,7,4114.500000000021,4487.909000001622
B14,8,4259.5690000002405,3853.727000000973
B14,9,4065.658000000028,4063.6529999993354
B14,10,4852.771000001255,3964.2250000007098
B14,11,4324.409999998835,4035.925000000162
B14,12,4164.044999999561,4216.628
B14,13,4148.474000000846,4145.937999997073
B14,14,4266.85899999768,4201.254000001598
B14,15,3738.768999998143,3726.2729999980593
B14,16,3768.197999999501,4248.150999998757
B14,17,4028.976000000739,3855.5010000003167
B14,18,4167.058000000168,3895.189000001409
B14,19,4075.086000000283,3823.891999999773
B14,20,3784.555999999384,3855.1089999998567
B14,21,3873.761000001252,3965.2340000024815
B14,22,3939.597000002237,4005.482000000171
B14,23,4084.8880000012855,3901.331000001562
B14,24,3653.478999996906,3811.456000001101
B14,25,3851.238999999396,3842.279000000559
B14,26,3713.265999998328,3795.5719999978046
B14,27,4010.678000000212,3939.898999998803
B14,28,4051.172000000492,3803.564000001813
B14,29,3969.544000000269,4012.175999999812
B14,30,3686.2050000010527,4059.9639999996384
B14,31,4012.752999997815,4309.456000001433
B14,32,3780.9529999996985,3816.5180000007126
B14,33,4339.660999999495,3981.369999998208
B14,34,3996.134000001206,3859.8060000012415
B14,35,3908.071000001456,4061.670999998768
B14,36,3804.6989999998,3934.926999999533
B14,37,3889.9970000016992,3840.782999997572
B14,38,4205.102000000238,3760.073000002251
B14,39,3777.4309999996094,3692.963000002436
B14,40,3718.5460000017656,3748.042000001561
B14,41,4125.942000001714,3899.190999998581
B14,42,3828.614999999758,4065.775999997357
B14,43,4322.9629999999015,4054.70100000116
B14,44,3806.6030000010182,3944.501000002987
B14,45,3794.572999996859,3789.949999998044
B14,46,3734.432000001675,3800.6899999984967
B14,47,4025.802000001022,4047.358000001111
B14,48,3968.744000005131,3800.779999998838
B14,49,3843.046999996602,3892.481000001169
B15,1,9024.174999999968,9037.764999999976
B15,2,8933.093000000003,8745.207999999671
B15,4,8386.338000000214,8792.425000000214
B15,5,8779.152000000679,8753.666999999687
B15,6,8373.844999999492,8515.733000001192
B15,7,8408.066000001214,8380.335000000017
B15,8,7789.915000000036,8694.982999999824
B15,9,8481.939999999355,8195.82799999985
B15,11,8716.687999999805,8898.048000000714
B15,12,8320.327999999932,8638.07600000044
B15,13,8056.516999999985,8703.682000000157
B15,14,7659.388000000434,8722.046999999122
B15,15,8234.077000000894,8319.70600000176
B15,16,7946.781000001124,8461.49899999915
B15,17,8808.821999998883,9048.70800000168
B15,18,9096.41899999869,8336.700000000974
B15,19,7997.982999999209,9001.743999998978
B15,20,7461.562999999671,8300.429000001941
B15,21,8542.571999999638,8385.087000000623
B15,22,7621.19300000208,8558.06699999917
B15,23,7910.232000000406,8108.656000000991
B15,24,7654.961000000071,8633.584999998333
B15,25,7908.119000003211,9541.857999998629
B15,26,7597.7119999990355,8469.324000003553
B15,27,7795.1909999995905,8448.630000003732
B15,28,7616.696999996009,7856.709000002127
B15,29,7897.728000003212,8225.461000002098
B15,30,8466.04400000217,8397.391000002586
B15,31,8814.076999996701,8503.519000001346
B15,32,7759.63099999899,8077.845999999055
B15,33,7846.7219999964755,8823.368000001608
B15,34,7831.910000000164,8621.247999997195
B15,35,8610.359000002176,8412.270999997418
B15,36,8372.62099999947,8037.556000004997
B15,37,7931.321999997464,8195.296000003793
B15,38,7654.714000004504,8736.757999997735
B15,39,8007.361999993634,8859.397999998464
B15,40,7601.269999994997,7936.405999998897
B15,41,8098.597000000041,8282.442000002276
B15,42,7958.293000001504,8052.946999995925
B15,43,7722.159000003614,8644.771000000163
B15,44,7686.435000003656,8609.278000001552
B15,45,7785.081000001526,8057.669999999462
B15,46,7682.10100000033,9001.03800000096
B15,47,7505.3559999958,8253.869999997221
B15,48,7726.731000005316,8126.703999998597
B15,49,8016.610000005641,8351.40400000256
